time_s,PV
0,25.30382
5,25.30382
10,25.30382
15,25.30382
20,25.30382
25,25.30382
30,25.30382
36,25.30382
41,25.30382
46,25.30382
51,25.30382
56,25.30744
61,25.30382
66,25.30382
71,25.30382
77,25.30382
82,25.31105
87,25.30382
92,25.31828
97,25.30382
102,25.30382
107,25.30382
112,25.30382
117,25.30382
123,25.30382
